title,img_url,rating,description
人吓人,,,"主演：
                                                                            薛轲
/
杜奕衡
/
胡钰莹"
东北警察故事,,,"主演：
                                                                            衣云鹤
/
谢苗
/
顾靖"
包青天书院诡事,,,"主演：
                                                                            杨诗倩
/
高钧贤
/
谷蓝帝"
冰雪狙击2,,,"主演：
                                                                            刘晓庆
/
王新军
/
于荣光"
满江红,,,"主演：
                                                                            沈腾
/
易烊千玺
/
张译"
目中无人,,,"主演：
                                                                            谢苗"
世界的末日,,,"主演：
                                                                            Jhey Castles"
东北五仙,,,"主演：
                                                                            王奎荣
/
安泽豪"
神枪手(2007),,,"主演：
                                                                            洪天明"
奇门遁甲2,,,"主演：
                                                                            刘雅瑟"
东北恋哥2对你爱不完,,,"主演：
                                                                            魏翔
/
包贝尔
/
江易轩"
东北警察故事2,,,"主演：
                                                                            谢苗"
济公之英雄归位,,,"主演：
                                                                            陈浩民
/
钟久夫
/
林子聪"
二龙湖往事:黄金劫,,,"主演：
                                                                            张浩
/
九孔
/
巴多"
南茅北马,,,"主演：
                                                                            葛帅
/
杜志国"
